province;fishing.guild;turfID;Q;ABUND;HARV;EXPLOT
Pontevedra;A Guarda;1;0,40;0,00;2773,57;1,20
Pontevedra;Aldan;2;0,00;0,00;0,00;0,00
Pontevedra;Baiona;3;-0,40;-0,40;14221,30;1,20
Pontevedra;Bueu;4;-1,20;-1,20;11129,26;0,50
Pontevedra;Cangas;5;-0,80;0,40;13816,96;0,80
Pontevedra;O Grove;6;0,00;-0,80;3356,33;0,60
Pontevedra;Vigo;7;0,00;0,00;1432,23;0,00
A Coruna;A Coruna_mix;8;-1,60;0,80;4604,80;1,20
A Coruna;Aguino;9;0,60;0,60;38458,16;1,20
A Coruna;Caion;10;0,00;0,00;1615,32;0,00
A Coruna;Camarinas;11;0,00;-0,40;3534,81;1,40
A Coruna;Camelle;12;0,00;-0,40;18493,25;1,40
A Coruna;Carino;13;0,00;0,00;13020,98;0,70
A Coruna;Cedeira;14;0,00;0,00;28246,37;1,40
A Coruna;Corme;15;0,00;-0,40;5295,40;1,40
A Coruna;Espasante;16;0,00;0,00;2821,88;0,70
A Coruna;Ferrol;17;0,00;0,00;21527,88;0,00
A Coruna;Finisterra;18;0,00;0,00;7173,97;0,00
A Coruna;Laxe;19;NA;-0,40;7224,03;1,40
A Coruna;Lira;20;0,00;0,00;2516,47;0,00
A Coruna;Malpica;21;0,00;0,00;10980,77;0,00
A Coruna;Muros;22;0,00;0,00;0,00;0,00
A Coruna;Muxia;23;0,00;-0,40;4633,77;1,40
A Coruna;O Barqueiro;24;0,00;0,00;3142,33;0,70
A Coruna;O Pindo;25;0,00;0,00;0,00;0,00
A Coruna;Porto do Son;26;0,00;0,60;3167,77;1,20
A Coruna;Ribeira;27;0,00;0,00;124,12;0,00
Lugo;San cosme;28;0,00;0,00;0,00;0,00
Lugo;Burela;29;NA;0,00;165,82;0,70
Lugo;Celeiro;30;0,00;0,00;3835,18;0,00
Lugo;O Vicedo;31;0,00;0,00;1571,36;0,00
Lugo;Ribadeo;32;-1,60;-1,60;0,00;1,80
Lugo;San Cibrao;33;0,00;0,00;3789,79;0,00