province;fishing.guild;turfID;MONITOR;INFO;CPI;GROSS.SALARY;POB.RISK;RESOURCE.DEP;INCOME.DEP;TOURIST;MARKET;ROTATION;CLOUSURE
Pontevedra;A Guarda;1;1;0,5;1,34;19842;1;1;0,5;4266744;1;0;0
Pontevedra;Aldan;2;1;0,5;1,34;21722;1;1;0;4266744;0;0;0
Pontevedra;Baiona;3;1;0,5;1,34;24768;1;1;1;4266744;1;1;0
Pontevedra;Bueu;4;1;0,5;1,34;21944;1;1;0,5;4266744;1;1;0
Pontevedra;Cangas;5;1;0,5;1,34;21722;1;1;0;4266744;1;1;0
Pontevedra;O Grove;6;1;0,5;1,34;17544;1;1;0,75;4266744;1;0;1
Pontevedra;Vigo;7;1;0,5;1,34;26710;1;1;0;4266744;0;0;0
A Coruna;A Coruna_mix;8;1;0,5;1,43;27290;1;1;1;4335772;0;1;0
A Coruna;Aguino;9;1;0,5;1,43;22778;0;1;0;4335772;1;1;0
A Coruna;Caion;10;1;0,5;1,43;18429;1;1;0;4335772;0;1;0
A Coruna;Camarinas;11;1;0,5;1,43;16118;1;1;1;4335772;0;0;0
A Coruna;Camelle;12;1;0,5;1,43;16118;1;1;1;4335772;0;1;0
A Coruna;Carino;13;1;0,5;1,43;17021;1;1;0;4335772;1;1;0
A Coruna;Cedeira;14;1;0,5;1,43;19079;1;1;0;4335772;1;0;0
A Coruna;Corme;15;1;0,5;1,43;16885;1;1;1;4335772;0;1;0
A Coruna;Espasante;16;1;0,5;1,43;17586;1;1;0;4335772;0;0;1
A Coruna;Ferrol;17;1;0,5;1,43;25129;0;1;0;4335772;0;1;0
A Coruna;Finisterra;18;1;0,5;1,43;16979;1;1;0;4335772;0;1;0
A Coruna;Laxe;19;1;0,5;1,43;15432;1;1;1;4335772;0;1;1
A Coruna;Lira;20;1;0,5;1,43;16819;1;1;0;4335772;0;0;0
A Coruna;Malpica;21;1;0,5;1,43;16673;1;1;0;4335772;0;1;1
A Coruna;Muros;22;1;0,5;1,43;17944;1;1;0;4335772;0;0;0
A Coruna;Muxia;23;1;0,5;1,43;15009;1;1;1;4335772;0;1;0
A Coruna;O Barqueiro;24;1;0,5;1,43;16317;1;1;0;4335772;0;0;1
A Coruna;O Pindo;25;1;0,5;1,43;17011;1;1;0;4335772;0;0;0
A Coruna;Porto do Son;26;1;0,5;1,43;18214;0;1;1;4335772;0;1;0
A Coruna;Ribeira;27;1;0,5;1,43;22778;1;1;0;4335772;0;0;0
Lugo;San cosme;28;1;0,5;1,38;17638;1;1;0;1338638;0;0;1
Lugo;Burela;29;1;0,5;1,38;23323;1;1;0,25;1338638;1;0;1
Lugo;Celeiro;30;1;0,5;1,38;21940;1;1;0;1338638;0;1;0
Lugo;O Vicedo;31;1;0,5;1,38;17189;1;1;0;1338638;0;1;1
Lugo;Ribadeo;32;1;0,5;1,38;20967;1;1;1;1338638;0,4;1;1
Lugo;San Cibrao;33;1;0,5;1,38;24214;1;1;0;1338638;0;1;1